Poll,End_Day,Sample,Week,Candidate,Percentage
Politico/Morning Consult,0,2419 RV,0,Biden,32
Politico/Morning Consult,0,2419 RV,0,Sanders,18
Politico/Morning Consult,0,2419 RV,0,Warren,15
Politico/Morning Consult,0,2419 RV,0,Bloomberg,NA
Politico/Morning Consult,0,2419 RV,0,Buttigieg,6
Politico/Morning Consult,0,2419 RV,0,Klobuchar,1
Politico/Morning Consult,0,2419 RV,0,Yang,2
Politico/Morning Consult,0,2419 RV,0,Steyer,1
Politico/Morning Consult,0,2419 RV,0,Gabbard,1
Politico/Morning Consult,0,2419 RV,0,Bennet,0
Politico/Morning Consult,0,2419 RV,0,Patrick,NA
Politico/Morning Consult,3,9845 RV,0,Biden,33
Politico/Morning Consult,3,9845 RV,0,Sanders,19
Politico/Morning Consult,3,9845 RV,0,Warren,15
Politico/Morning Consult,3,9845 RV,0,Bloomberg,NA
Politico/Morning Consult,3,9845 RV,0,Buttigieg,6
Politico/Morning Consult,3,9845 RV,0,Klobuchar,1
Politico/Morning Consult,3,9845 RV,0,Yang,2
Politico/Morning Consult,3,9845 RV,0,Steyer,1
Politico/Morning Consult,3,9845 RV,0,Gabbard,1
Politico/Morning Consult,3,9845 RV,0,Bennet,0
Politico/Morning Consult,3,9845 RV,0,Patrick,NA
Quinnipiac,4,807 RV,0,Biden,32
Quinnipiac,4,807 RV,0,Sanders,14
Quinnipiac,4,807 RV,0,Warren,21
Quinnipiac,4,807 RV,0,Bloomberg,NA
Quinnipiac,4,807 RV,0,Buttigieg,5
Quinnipiac,4,807 RV,0,Klobuchar,1
Quinnipiac,4,807 RV,0,Yang,1
Quinnipiac,4,807 RV,0,Steyer,0
Quinnipiac,4,807 RV,0,Gabbard,1
Quinnipiac,4,807 RV,0,Bennet,0
Quinnipiac,4,807 RV,0,Patrick,NA
SurveyUSA,4,999 LV,0,Biden,33
SurveyUSA,4,999 LV,0,Sanders,20
SurveyUSA,4,999 LV,0,Warren,19
SurveyUSA,4,999 LV,0,Bloomberg,NA
SurveyUSA,4,999 LV,0,Buttigieg,8
SurveyUSA,4,999 LV,0,Klobuchar,1
SurveyUSA,4,999 LV,0,Yang,0
SurveyUSA,4,999 LV,0,Steyer,0
SurveyUSA,4,999 LV,0,Gabbard,0
SurveyUSA,4,999 LV,0,Bennet,0
SurveyUSA,4,999 LV,0,Patrick,NA
Reuters/Ipsos,4,RV,0,Biden,25
Reuters/Ipsos,4,RV,0,Sanders,20
Reuters/Ipsos,4,RV,0,Warren,10
Reuters/Ipsos,4,RV,0,Bloomberg,NA
Reuters/Ipsos,4,RV,0,Buttigieg,5
Reuters/Ipsos,4,RV,0,Klobuchar,1
Reuters/Ipsos,4,RV,0,Yang,2
Reuters/Ipsos,4,RV,0,Steyer,0
Reuters/Ipsos,4,RV,0,Gabbard,1
Reuters/Ipsos,4,RV,0,Bennet,0
Reuters/Ipsos,4,RV,0,Patrick,NA
Economist/YouGov,5,1161 RV,0,Biden,25
Economist/YouGov,5,1161 RV,0,Sanders,13
Economist/YouGov,5,1161 RV,0,Warren,18
Economist/YouGov,5,1161 RV,0,Bloomberg,NA
Economist/YouGov,5,1161 RV,0,Buttigieg,7
Economist/YouGov,5,1161 RV,0,Klobuchar,1
Economist/YouGov,5,1161 RV,0,Yang,2
Economist/YouGov,5,1161 RV,0,Steyer,1
Economist/YouGov,5,1161 RV,0,Gabbard,3
Economist/YouGov,5,1161 RV,0,Bennet,1
Economist/YouGov,5,1161 RV,0,Patrick,NA
The Hill/HarrisX,9,451 RV,1,Biden,31
The Hill/HarrisX,9,451 RV,1,Sanders,16
The Hill/HarrisX,9,451 RV,1,Warren,10
The Hill/HarrisX,9,451 RV,1,Bloomberg,NA
The Hill/HarrisX,9,451 RV,1,Buttigieg,4
The Hill/HarrisX,9,451 RV,1,Klobuchar,2
The Hill/HarrisX,9,451 RV,1,Yang,1
The Hill/HarrisX,9,451 RV,1,Steyer,1
The Hill/HarrisX,9,451 RV,1,Gabbard,1
The Hill/HarrisX,9,451 RV,1,Bennet,0
The Hill/HarrisX,9,451 RV,1,Patrick,NA
Politico/Morning Consult,10,17117,1,Biden,33
Politico/Morning Consult,10,17117,1,Sanders,20
Politico/Morning Consult,10,17117,1,Warren,14
Politico/Morning Consult,10,17117,1,Bloomberg,NA
Politico/Morning Consult,10,17117,1,Buttigieg,5
Politico/Morning Consult,10,17117,1,Klobuchar,1
Politico/Morning Consult,10,17117,1,Yang,2
Politico/Morning Consult,10,17117,1,Steyer,1
Politico/Morning Consult,10,17117,1,Gabbard,1
Politico/Morning Consult,10,17117,1,Bennet,1
Politico/Morning Consult,10,17117,1,Patrick,NA
FOX News,12,,1,Biden,31
FOX News,12,,1,Sanders,10
FOX News,12,,1,Warren,20
FOX News,12,,1,Bloomberg,NA
FOX News,12,,1,Buttigieg,3
FOX News,12,,1,Klobuchar,2
FOX News,12,,1,Yang,3
FOX News,12,,1,Steyer,1
FOX News,12,,1,Gabbard,1
FOX News,12,,1,Bennet,0
FOX News,12,,1,Patrick,NA
Economist/YouGov,12,RV,1,Biden,23
Economist/YouGov,12,RV,1,Sanders,16
Economist/YouGov,12,RV,1,Warren,20
Economist/YouGov,12,RV,1,Bloomberg,NA
Economist/YouGov,12,RV,1,Buttigieg,6
Economist/YouGov,12,RV,1,Klobuchar,1
Economist/YouGov,12,RV,1,Yang,2
Economist/YouGov,12,RV,1,Steyer,1
Economist/YouGov,12,RV,1,Gabbard,2
Economist/YouGov,12,RV,1,Bennet,1
Economist/YouGov,12,RV,1,Patrick,NA
CNN,17,402 RV,2,Biden,29
CNN,17,402 RV,2,Sanders,15
CNN,17,402 RV,2,Warren,14
CNN,17,402 RV,2,Bloomberg,NA
CNN,17,402 RV,2,Buttigieg,5
CNN,17,402 RV,2,Klobuchar,1
CNN,17,402 RV,2,Yang,1
CNN,17,402 RV,2,Steyer,1
CNN,17,402 RV,2,Gabbard,2
CNN,17,402 RV,2,Bennet,0
CNN,17,402 RV,2,Patrick,NA
Politico/Morning Consult,17,17115 RV,2,Biden,31
Politico/Morning Consult,17,17115 RV,2,Sanders,20
Politico/Morning Consult,17,17115 RV,2,Warren,15
Politico/Morning Consult,17,17115 RV,2,Bloomberg,NA
Politico/Morning Consult,17,17115 RV,2,Buttigieg,5
Politico/Morning Consult,17,17115 RV,2,Klobuchar,1
Politico/Morning Consult,17,17115 RV,2,Yang,3
Politico/Morning Consult,17,17115 RV,2,Steyer,1
Politico/Morning Consult,17,17115 RV,2,Gabbard,1
Politico/Morning Consult,17,17115 RV,2,Bennet,0
Politico/Morning Consult,17,17115 RV,2,Patrick,NA
Economist/YouGov,19,RV,2,Biden,22
Economist/YouGov,19,RV,2,Sanders,19
Economist/YouGov,19,RV,2,Warren,18
Economist/YouGov,19,RV,2,Bloomberg,NA
Economist/YouGov,19,RV,2,Buttigieg,8
Economist/YouGov,19,RV,2,Klobuchar,0
Economist/YouGov,19,RV,2,Yang,1
Economist/YouGov,19,RV,2,Steyer,0
Economist/YouGov,19,RV,2,Gabbard,2
Economist/YouGov,19,RV,2,Bennet,0
Economist/YouGov,19,RV,2,Patrick,NA
Monmouth,19,298 RV,2,Biden,19
Monmouth,19,298 RV,2,Sanders,20
Monmouth,19,298 RV,2,Warren,20
Monmouth,19,298 RV,2,Bloomberg,NA
Monmouth,19,298 RV,2,Buttigieg,4
Monmouth,19,298 RV,2,Klobuchar,1
Monmouth,19,298 RV,2,Yang,3
Monmouth,19,298 RV,2,Steyer,0
Monmouth,19,298 RV,2,Gabbard,1
Monmouth,19,298 RV,2,Bennet,0
Monmouth,19,298 RV,2,Patrick,NA
The Hill/HarrisX,23,1001 RV,3,Biden,30
The Hill/HarrisX,23,1001 RV,3,Sanders,17
The Hill/HarrisX,23,1001 RV,3,Warren,14
The Hill/HarrisX,23,1001 RV,3,Bloomberg,NA
The Hill/HarrisX,23,1001 RV,3,Buttigieg,4
The Hill/HarrisX,23,1001 RV,3,Klobuchar,1
The Hill/HarrisX,23,1001 RV,3,Yang,2
The Hill/HarrisX,23,1001 RV,3,Steyer,1
The Hill/HarrisX,23,1001 RV,3,Gabbard,1
The Hill/HarrisX,23,1001 RV,3,Bennet,1
The Hill/HarrisX,23,1001 RV,3,Patrick,NA
USA Today/Suffolk,24,424 RV,3,Biden,32
USA Today/Suffolk,24,424 RV,3,Sanders,12
USA Today/Suffolk,24,424 RV,3,Warren,14
USA Today/Suffolk,24,424 RV,3,Bloomberg,NA
USA Today/Suffolk,24,424 RV,3,Buttigieg,6
USA Today/Suffolk,24,424 RV,3,Klobuchar,0
USA Today/Suffolk,24,424 RV,3,Yang,3
USA Today/Suffolk,24,424 RV,3,Steyer,0
USA Today/Suffolk,24,424 RV,3,Gabbard,0
USA Today/Suffolk,24,424 RV,3,Bennet,0
USA Today/Suffolk,24,424 RV,3,Patrick,NA
Politico/Morning Consult,24,17303 RV,3,Biden,33
Politico/Morning Consult,24,17303 RV,3,Sanders,20
Politico/Morning Consult,24,17303 RV,3,Warren,15
Politico/Morning Consult,24,17303 RV,3,Bloomberg,NA
Politico/Morning Consult,24,17303 RV,3,Buttigieg,5
Politico/Morning Consult,24,17303 RV,3,Klobuchar,1
Politico/Morning Consult,24,17303 RV,3,Yang,2
Politico/Morning Consult,24,17303 RV,3,Steyer,1
Politico/Morning Consult,24,17303 RV,3,Gabbard,1
Politico/Morning Consult,24,17303 RV,3,Bennet,1
Politico/Morning Consult,24,17303 RV,3,Patrick,NA
Emerson,25,627 RV,3,Biden,31
Emerson,25,627 RV,3,Sanders,24
Emerson,25,627 RV,3,Warren,15
Emerson,25,627 RV,3,Bloomberg,NA
Emerson,25,627 RV,3,Buttigieg,3
Emerson,25,627 RV,3,Klobuchar,1
Emerson,25,627 RV,3,Yang,4
Emerson,25,627 RV,3,Steyer,0
Emerson,25,627 RV,3,Gabbard,3
Emerson,25,627 RV,3,Bennet,0
Emerson,25,627 RV,3,Patrick,NA
Quinnipiac,25,1422 RV,3,Biden,32
Quinnipiac,25,1422 RV,3,Sanders,15
Quinnipiac,25,1422 RV,3,Warren,19
Quinnipiac,25,1422 RV,3,Bloomberg,NA
Quinnipiac,25,1422 RV,3,Buttigieg,5
Quinnipiac,25,1422 RV,3,Klobuchar,1
Quinnipiac,25,1422 RV,3,Yang,3
Quinnipiac,25,1422 RV,3,Steyer,0
Quinnipiac,25,1422 RV,3,Gabbard,1
Quinnipiac,25,1422 RV,3,Bennet,1
Quinnipiac,25,1422 RV,3,Patrick,NA
Economist/YouGov,26,511 RV,3,Biden,25
Economist/YouGov,26,511 RV,3,Sanders,14
Economist/YouGov,26,511 RV,3,Warren,21
Economist/YouGov,26,511 RV,3,Bloomberg,NA
Economist/YouGov,26,511 RV,3,Buttigieg,5
Economist/YouGov,26,511 RV,3,Klobuchar,1
Economist/YouGov,26,511 RV,3,Yang,2
Economist/YouGov,26,511 RV,3,Steyer,1
Economist/YouGov,26,511 RV,3,Gabbard,2
Economist/YouGov,26,511 RV,3,Bennet,1
Economist/YouGov,26,511 RV,3,Patrick,NA
Harvard-Harris,27,951 RV,3,Biden,32
Harvard-Harris,27,951 RV,3,Sanders,16
Harvard-Harris,27,951 RV,3,Warren,13
Harvard-Harris,27,951 RV,3,Bloomberg,NA
Harvard-Harris,27,951 RV,3,Buttigieg,4
Harvard-Harris,27,951 RV,3,Klobuchar,1
Harvard-Harris,27,951 RV,3,Yang,2
Harvard-Harris,27,951 RV,3,Steyer,1
Harvard-Harris,27,951 RV,3,Gabbard,1
Harvard-Harris,27,951 RV,3,Bennet,NA
Harvard-Harris,27,951 RV,3,Patrick,NA
IBD/TIPP,29,360 RV,4,Biden,28
IBD/TIPP,29,360 RV,4,Sanders,12
IBD/TIPP,29,360 RV,4,Warren,24
IBD/TIPP,29,360 RV,4,Bloomberg,NA
IBD/TIPP,29,360 RV,4,Buttigieg,5
IBD/TIPP,29,360 RV,4,Klobuchar,1
IBD/TIPP,29,360 RV,4,Yang,1
IBD/TIPP,29,360 RV,4,Steyer,0
IBD/TIPP,29,360 RV,4,Gabbard,0
IBD/TIPP,29,360 RV,4,Bennet,0
IBD/TIPP,29,360 RV,4,Patrick,NA
Politico/Morning Consult,31,16736 RV,4,Biden,32
Politico/Morning Consult,31,16736 RV,4,Sanders,20
Politico/Morning Consult,31,16736 RV,4,Warren,16
Politico/Morning Consult,31,16736 RV,4,Bloomberg,NA
Politico/Morning Consult,31,16736 RV,4,Buttigieg,5
Politico/Morning Consult,31,16736 RV,4,Klobuchar,1
Politico/Morning Consult,31,16736 RV,4,Yang,3
Politico/Morning Consult,31,16736 RV,4,Steyer,1
Politico/Morning Consult,31,16736 RV,4,Gabbard,1
Politico/Morning Consult,31,16736 RV,4,Bennet,1
Politico/Morning Consult,31,16736 RV,4,Patrick,NA
Economist/YouGov,33,,4,Biden,26
Economist/YouGov,33,,4,Sanders,14
Economist/YouGov,33,,4,Warren,22
Economist/YouGov,33,,4,Bloomberg,NA
Economist/YouGov,33,,4,Buttigieg,5
Economist/YouGov,33,,4,Klobuchar,0
Economist/YouGov,33,,4,Yang,3
Economist/YouGov,33,,4,Steyer,0
Economist/YouGov,33,,4,Gabbard,3
Economist/YouGov,33,,4,Bennet,1
Economist/YouGov,33,,4,Patrick,NA
ABC News/Wash Post,35,437 RV,5,Biden,29
ABC News/Wash Post,35,437 RV,5,Sanders,19
ABC News/Wash Post,35,437 RV,5,Warren,18
ABC News/Wash Post,35,437 RV,5,Bloomberg,NA
ABC News/Wash Post,35,437 RV,5,Buttigieg,4
ABC News/Wash Post,35,437 RV,5,Klobuchar,2
ABC News/Wash Post,35,437 RV,5,Yang,3
ABC News/Wash Post,35,437 RV,5,Steyer,1
ABC News/Wash Post,35,437 RV,5,Gabbard,2
ABC News/Wash Post,35,437 RV,5,Bennet,0
ABC News/Wash Post,35,437 RV,5,Patrick,NA
The Hill/HarrisX,38,454 RV,5,Biden,27
The Hill/HarrisX,38,454 RV,5,Sanders,15
The Hill/HarrisX,38,454 RV,5,Warren,12
The Hill/HarrisX,38,454 RV,5,Bloomberg,NA
The Hill/HarrisX,38,454 RV,5,Buttigieg,4
The Hill/HarrisX,38,454 RV,5,Klobuchar,1
The Hill/HarrisX,38,454 RV,5,Yang,5
The Hill/HarrisX,38,454 RV,5,Steyer,1
The Hill/HarrisX,38,454 RV,5,Gabbard,1
The Hill/HarrisX,38,454 RV,5,Bennet,1
The Hill/HarrisX,38,454 RV,5,Patrick,NA
Politico/Morning Consult,38,17824 RV,5,Biden,33
Politico/Morning Consult,38,17824 RV,5,Sanders,21
Politico/Morning Consult,38,17824 RV,5,Warren,16
Politico/Morning Consult,38,17824 RV,5,Bloomberg,NA
Politico/Morning Consult,38,17824 RV,5,Buttigieg,5
Politico/Morning Consult,38,17824 RV,5,Klobuchar,1
Politico/Morning Consult,38,17824 RV,5,Yang,3
Politico/Morning Consult,38,17824 RV,5,Steyer,1
Politico/Morning Consult,38,17824 RV,5,Gabbard,1
Politico/Morning Consult,38,17824 RV,5,Bennet,1
Politico/Morning Consult,38,17824 RV,5,Patrick,NA
LA Times/USC,38,2462 LV,5,Biden,28
LA Times/USC,38,2462 LV,5,Sanders,13
LA Times/USC,38,2462 LV,5,Warren,11
LA Times/USC,38,2462 LV,5,Bloomberg,NA
LA Times/USC,38,2462 LV,5,Buttigieg,4
LA Times/USC,38,2462 LV,5,Klobuchar,1
LA Times/USC,38,2462 LV,5,Yang,2
LA Times/USC,38,2462 LV,5,Steyer,0
LA Times/USC,38,2462 LV,5,Gabbard,1
LA Times/USC,38,2462 LV,5,Bennet,0
LA Times/USC,38,2462 LV,5,Patrick,NA
CNN,39,908 RV,5,Biden,24
CNN,39,908 RV,5,Sanders,17
CNN,39,908 RV,5,Warren,18
CNN,39,908 RV,5,Bloomberg,NA
CNN,39,908 RV,5,Buttigieg,6
CNN,39,908 RV,5,Klobuchar,1
CNN,39,908 RV,5,Yang,2
CNN,39,908 RV,5,Steyer,1
CNN,39,908 RV,5,Gabbard,2
CNN,39,908 RV,5,Bennet,1
CNN,39,908 RV,5,Patrick,NA
Reuters/Ipsos,40,RV,5,Biden,22
Reuters/Ipsos,40,RV,5,Sanders,16
Reuters/Ipsos,40,RV,5,Warren,11
Reuters/Ipsos,40,RV,5,Bloomberg,NA
Reuters/Ipsos,40,RV,5,Buttigieg,4
Reuters/Ipsos,40,RV,5,Klobuchar,1
Reuters/Ipsos,40,RV,5,Yang,3
Reuters/Ipsos,40,RV,5,Steyer,1
Reuters/Ipsos,40,RV,5,Gabbard,1
Reuters/Ipsos,40,RV,5,Bennet,0
Reuters/Ipsos,40,RV,5,Patrick,NA
Economist/YouGov,40,1188 RV,5,Biden,26
Economist/YouGov,40,1188 RV,5,Sanders,16
Economist/YouGov,40,1188 RV,5,Warren,26
Economist/YouGov,40,1188 RV,5,Bloomberg,NA
Economist/YouGov,40,1188 RV,5,Buttigieg,6
Economist/YouGov,40,1188 RV,5,Klobuchar,1
Economist/YouGov,40,1188 RV,5,Yang,2
Economist/YouGov,40,1188 RV,5,Steyer,0
Economist/YouGov,40,1188 RV,5,Gabbard,1
Economist/YouGov,40,1188 RV,5,Bennet,1
Economist/YouGov,40,1188 RV,5,Patrick,NA
Politico/Morning Consult,45,7487 RV,6,Biden,32
Politico/Morning Consult,45,7487 RV,6,Sanders,20
Politico/Morning Consult,45,7487 RV,6,Warren,18
Politico/Morning Consult,45,7487 RV,6,Bloomberg,NA
Politico/Morning Consult,45,7487 RV,6,Buttigieg,5
Politico/Morning Consult,45,7487 RV,6,Klobuchar,2
Politico/Morning Consult,45,7487 RV,6,Yang,3
Politico/Morning Consult,45,7487 RV,6,Steyer,1
Politico/Morning Consult,45,7487 RV,6,Gabbard,1
Politico/Morning Consult,45,7487 RV,6,Bennet,0
Politico/Morning Consult,45,7487 RV,6,Patrick,NA
NBC News/Wall St. Jrnl,46,506 RV,6,Biden,31
NBC News/Wall St. Jrnl,46,506 RV,6,Sanders,14
NBC News/Wall St. Jrnl,46,506 RV,6,Warren,25
NBC News/Wall St. Jrnl,46,506 RV,6,Bloomberg,NA
NBC News/Wall St. Jrnl,46,506 RV,6,Buttigieg,7
NBC News/Wall St. Jrnl,46,506 RV,6,Klobuchar,2
NBC News/Wall St. Jrnl,46,506 RV,6,Yang,4
NBC News/Wall St. Jrnl,46,506 RV,6,Steyer,1
NBC News/Wall St. Jrnl,46,506 RV,6,Gabbard,1
NBC News/Wall St. Jrnl,46,506 RV,6,Bennet,1
NBC News/Wall St. Jrnl,46,506 RV,6,Patrick,NA
SurveyUSA,46,1017 LV,6,Biden,33
SurveyUSA,46,1017 LV,6,Sanders,17
SurveyUSA,46,1017 LV,6,Warren,19
SurveyUSA,46,1017 LV,6,Bloomberg,NA
SurveyUSA,46,1017 LV,6,Buttigieg,5
SurveyUSA,46,1017 LV,6,Klobuchar,1
SurveyUSA,46,1017 LV,6,Yang,3
SurveyUSA,46,1017 LV,6,Steyer,NA
SurveyUSA,46,1017 LV,6,Gabbard,NA
SurveyUSA,46,1017 LV,6,Bennet,NA
SurveyUSA,46,1017 LV,6,Patrick,NA
FOX News,47,RV,6,Biden,29
FOX News,47,RV,6,Sanders,18
FOX News,47,RV,6,Warren,16
FOX News,47,RV,6,Bloomberg,NA
FOX News,47,RV,6,Buttigieg,5
FOX News,47,RV,6,Klobuchar,2
FOX News,47,RV,6,Yang,2
FOX News,47,RV,6,Steyer,1
FOX News,47,RV,6,Gabbard,0
FOX News,47,RV,6,Bennet,1
FOX News,47,RV,6,Patrick,NA
Economist/YouGov,47,567 RV,6,Biden,26
Economist/YouGov,47,567 RV,6,Sanders,14
Economist/YouGov,47,567 RV,6,Warren,21
Economist/YouGov,47,567 RV,6,Bloomberg,NA
Economist/YouGov,47,567 RV,6,Buttigieg,9
Economist/YouGov,47,567 RV,6,Klobuchar,1
Economist/YouGov,47,567 RV,6,Yang,3
Economist/YouGov,47,567 RV,6,Steyer,0
Economist/YouGov,47,567 RV,6,Gabbard,2
Economist/YouGov,47,567 RV,6,Bennet,1
Economist/YouGov,47,567 RV,6,Patrick,NA
The Hill/HarrisX,51,440 RV,7,Biden,31
The Hill/HarrisX,51,440 RV,7,Sanders,16
The Hill/HarrisX,51,440 RV,7,Warren,14
The Hill/HarrisX,51,440 RV,7,Bloomberg,NA
The Hill/HarrisX,51,440 RV,7,Buttigieg,5
The Hill/HarrisX,51,440 RV,7,Klobuchar,2
The Hill/HarrisX,51,440 RV,7,Yang,2
The Hill/HarrisX,51,440 RV,7,Steyer,1
The Hill/HarrisX,51,440 RV,7,Gabbard,1
The Hill/HarrisX,51,440 RV,7,Bennet,1
The Hill/HarrisX,51,440 RV,7,Patrick,NA
Politico/Morning Consult,52,17377 RV,7,Biden,32
Politico/Morning Consult,52,17377 RV,7,Sanders,19
Politico/Morning Consult,52,17377 RV,7,Warren,20
Politico/Morning Consult,52,17377 RV,7,Bloomberg,NA
Politico/Morning Consult,52,17377 RV,7,Buttigieg,5
Politico/Morning Consult,52,17377 RV,7,Klobuchar,2
Politico/Morning Consult,52,17377 RV,7,Yang,3
Politico/Morning Consult,52,17377 RV,7,Steyer,1
Politico/Morning Consult,52,17377 RV,7,Gabbard,1
Politico/Morning Consult,52,17377 RV,7,Bennet,1
Politico/Morning Consult,52,17377 RV,7,Patrick,NA
Emerson,53,1019 RV,7,Biden,25
Emerson,53,1019 RV,7,Sanders,22
Emerson,53,1019 RV,7,Warren,23
Emerson,53,1019 RV,7,Bloomberg,NA
Emerson,53,1019 RV,7,Buttigieg,6
Emerson,53,1019 RV,7,Klobuchar,0
Emerson,53,1019 RV,7,Yang,8
Emerson,53,1019 RV,7,Steyer,0
Emerson,53,1019 RV,7,Gabbard,1
Emerson,53,1019 RV,7,Bennet,0
Emerson,53,1019 RV,7,Patrick,NA
Quinnipiac,53,561 RV,7,Biden,25
Quinnipiac,53,561 RV,7,Sanders,16
Quinnipiac,53,561 RV,7,Warren,27
Quinnipiac,53,561 RV,7,Bloomberg,NA
Quinnipiac,53,561 RV,7,Buttigieg,7
Quinnipiac,53,561 RV,7,Klobuchar,2
Quinnipiac,53,561 RV,7,Yang,2
Quinnipiac,53,561 RV,7,Steyer,0
Quinnipiac,53,561 RV,7,Gabbard,1
Quinnipiac,53,561 RV,7,Bennet,1
Quinnipiac,53,561 RV,7,Patrick,NA
Economist/YouGov,54,1198 RV,7,Biden,26
Economist/YouGov,54,1198 RV,7,Sanders,16
Economist/YouGov,54,1198 RV,7,Warren,27
Economist/YouGov,54,1198 RV,7,Bloomberg,NA
Economist/YouGov,54,1198 RV,7,Buttigieg,6
Economist/YouGov,54,1198 RV,7,Klobuchar,1
Economist/YouGov,54,1198 RV,7,Yang,2
Economist/YouGov,54,1198 RV,7,Steyer,0
Economist/YouGov,54,1198 RV,7,Gabbard,1
Economist/YouGov,54,1198 RV,7,Bennet,1
Economist/YouGov,54,1198 RV,7,Patrick,NA
Harvard-Harris,54,2009 RV,7,Biden,28
Harvard-Harris,54,2009 RV,7,Sanders,16
Harvard-Harris,54,2009 RV,7,Warren,17
Harvard-Harris,54,2009 RV,7,Bloomberg,NA
Harvard-Harris,54,2009 RV,7,Buttigieg,3
Harvard-Harris,54,2009 RV,7,Klobuchar,1
Harvard-Harris,54,2009 RV,7,Yang,3
Harvard-Harris,54,2009 RV,7,Steyer,2
Harvard-Harris,54,2009 RV,7,Gabbard,1
Harvard-Harris,54,2009 RV,7,Bennet,NA
Harvard-Harris,54,2009 RV,7,Patrick,NA
Monmouth,59,434 RV,8,Biden,25
Monmouth,59,434 RV,8,Sanders,15
Monmouth,59,434 RV,8,Warren,28
Monmouth,59,434 RV,8,Bloomberg,NA
Monmouth,59,434 RV,8,Buttigieg,5
Monmouth,59,434 RV,8,Klobuchar,1
Monmouth,59,434 RV,8,Yang,2
Monmouth,59,434 RV,8,Steyer,1
Monmouth,59,434 RV,8,Gabbard,0
Monmouth,59,434 RV,8,Bennet,0
Monmouth,59,434 RV,8,Patrick,NA
Politico/Morning Consult,59,16274 RV,8,Biden,32
Politico/Morning Consult,59,16274 RV,8,Sanders,19
Politico/Morning Consult,59,16274 RV,8,Warren,21
Politico/Morning Consult,59,16274 RV,8,Bloomberg,NA
Politico/Morning Consult,59,16274 RV,8,Buttigieg,5
Politico/Morning Consult,59,16274 RV,8,Klobuchar,1
Politico/Morning Consult,59,16274 RV,8,Yang,3
Politico/Morning Consult,59,16274 RV,8,Steyer,1
Politico/Morning Consult,59,16274 RV,8,Gabbard,1
Politico/Morning Consult,59,16274 RV,8,Bennet,1
Politico/Morning Consult,59,16274 RV,8,Patrick,NA
Economist/YouGov,61,1087 RV,8,Biden,22
Economist/YouGov,61,1087 RV,8,Sanders,13
Economist/YouGov,61,1087 RV,8,Warren,28
Economist/YouGov,61,1087 RV,8,Bloomberg,NA
Economist/YouGov,61,1087 RV,8,Buttigieg,7
Economist/YouGov,61,1087 RV,8,Klobuchar,1
Economist/YouGov,61,1087 RV,8,Yang,3
Economist/YouGov,61,1087 RV,8,Steyer,1
Economist/YouGov,61,1087 RV,8,Gabbard,2
Economist/YouGov,61,1087 RV,8,Bennet,2
Economist/YouGov,61,1087 RV,8,Patrick,NA
IBD/TIPP,63,341 RV,9,Biden,26
IBD/TIPP,63,341 RV,9,Sanders,10
IBD/TIPP,63,341 RV,9,Warren,27
IBD/TIPP,63,341 RV,9,Bloomberg,NA
IBD/TIPP,63,341 RV,9,Buttigieg,7
IBD/TIPP,63,341 RV,9,Klobuchar,1
IBD/TIPP,63,341 RV,9,Yang,3
IBD/TIPP,63,341 RV,9,Steyer,0
IBD/TIPP,63,341 RV,9,Gabbard,1
IBD/TIPP,63,341 RV,9,Bennet,0
IBD/TIPP,63,341 RV,9,Patrick,NA
Politico/Morning Consult,66,16529 RV,9,Biden,33
Politico/Morning Consult,66,16529 RV,9,Sanders,19
Politico/Morning Consult,66,16529 RV,9,Warren,21
Politico/Morning Consult,66,16529 RV,9,Bloomberg,NA
Politico/Morning Consult,66,16529 RV,9,Buttigieg,5
Politico/Morning Consult,66,16529 RV,9,Klobuchar,1
Politico/Morning Consult,66,16529 RV,9,Yang,3
Politico/Morning Consult,66,16529 RV,9,Steyer,1
Politico/Morning Consult,66,16529 RV,9,Gabbard,1
Politico/Morning Consult,66,16529 RV,9,Bennet,1
Politico/Morning Consult,66,16529 RV,9,Patrick,NA
The Hill/HarrisX,67,446 RV,9,Biden,31
The Hill/HarrisX,67,446 RV,9,Sanders,17
The Hill/HarrisX,67,446 RV,9,Warren,15
The Hill/HarrisX,67,446 RV,9,Bloomberg,NA
The Hill/HarrisX,67,446 RV,9,Buttigieg,4
The Hill/HarrisX,67,446 RV,9,Klobuchar,2
The Hill/HarrisX,67,446 RV,9,Yang,2
The Hill/HarrisX,67,446 RV,9,Steyer,2
The Hill/HarrisX,67,446 RV,9,Gabbard,1
The Hill/HarrisX,67,446 RV,9,Bennet,1
The Hill/HarrisX,67,446 RV,9,Patrick,NA
Quinnipiac,67,646 RV,9,Biden,26
Quinnipiac,67,646 RV,9,Sanders,16
Quinnipiac,67,646 RV,9,Warren,29
Quinnipiac,67,646 RV,9,Bloomberg,NA
Quinnipiac,67,646 RV,9,Buttigieg,4
Quinnipiac,67,646 RV,9,Klobuchar,2
Quinnipiac,67,646 RV,9,Yang,3
Quinnipiac,67,646 RV,9,Steyer,0
Quinnipiac,67,646 RV,9,Gabbard,0
Quinnipiac,67,646 RV,9,Bennet,1
Quinnipiac,67,646 RV,9,Patrick,NA
Economist/YouGov,68,1241RV 2.9,9,Biden,25
Economist/YouGov,68,1241RV 2.9,9,Sanders,14
Economist/YouGov,68,1241RV 2.9,9,Warren,29
Economist/YouGov,68,1241RV 2.9,9,Bloomberg,NA
Economist/YouGov,68,1241RV 2.9,9,Buttigieg,5
Economist/YouGov,68,1241RV 2.9,9,Klobuchar,1
Economist/YouGov,68,1241RV 2.9,9,Yang,3
Economist/YouGov,68,1241RV 2.9,9,Steyer,1
Economist/YouGov,68,1241RV 2.9,9,Gabbard,1
Economist/YouGov,68,1241RV 2.9,9,Bennet,0
Economist/YouGov,68,1241RV 2.9,9,Patrick,NA
FOX News,68,,9,Biden,32
FOX News,68,,9,Sanders,17
FOX News,68,,9,Warren,22
FOX News,68,,9,Bloomberg,NA
FOX News,68,,9,Buttigieg,4
FOX News,68,,9,Klobuchar,2
FOX News,68,,9,Yang,2
FOX News,68,,9,Steyer,1
FOX News,68,,9,Gabbard,1
FOX News,68,,9,Bennet,1
FOX News,68,,9,Patrick,NA
Politico/Morning Consult,72,15683 RV,10,Biden,32
Politico/Morning Consult,72,15683 RV,10,Sanders,19
Politico/Morning Consult,72,15683 RV,10,Warren,21
Politico/Morning Consult,72,15683 RV,10,Bloomberg,NA
Politico/Morning Consult,72,15683 RV,10,Buttigieg,5
Politico/Morning Consult,72,15683 RV,10,Klobuchar,1
Politico/Morning Consult,72,15683 RV,10,Yang,3
Politico/Morning Consult,72,15683 RV,10,Steyer,1
Politico/Morning Consult,72,15683 RV,10,Gabbard,1
Politico/Morning Consult,72,15683 RV,10,Bennet,1
Politico/Morning Consult,72,15683 RV,10,Patrick,NA
Quinnipiac,73,RV,10,Biden,27
Quinnipiac,73,RV,10,Sanders,11
Quinnipiac,73,RV,10,Warren,30
Quinnipiac,73,RV,10,Bloomberg,NA
Quinnipiac,73,RV,10,Buttigieg,8
Quinnipiac,73,RV,10,Klobuchar,2
Quinnipiac,73,RV,10,Yang,2
Quinnipiac,73,RV,10,Steyer,2
Quinnipiac,73,RV,10,Gabbard,0
Quinnipiac,73,RV,10,Bennet,1
Quinnipiac,73,RV,10,Patrick,NA
Economist/YouGov,75,1136 RV,10,Biden,25
Economist/YouGov,75,1136 RV,10,Sanders,13
Economist/YouGov,75,1136 RV,10,Warren,29
Economist/YouGov,75,1136 RV,10,Bloomberg,NA
Economist/YouGov,75,1136 RV,10,Buttigieg,7
Economist/YouGov,75,1136 RV,10,Klobuchar,2
Economist/YouGov,75,1136 RV,10,Yang,2
Economist/YouGov,75,1136 RV,10,Steyer,1
Economist/YouGov,75,1136 RV,10,Gabbard,3
Economist/YouGov,75,1136 RV,10,Bennet,1
Economist/YouGov,75,1136 RV,10,Patrick,NA
Politico/Morning Consult,76,2202 RV,10,Biden,31
Politico/Morning Consult,76,2202 RV,10,Sanders,18
Politico/Morning Consult,76,2202 RV,10,Warren,21
Politico/Morning Consult,76,2202 RV,10,Bloomberg,NA
Politico/Morning Consult,76,2202 RV,10,Buttigieg,6
Politico/Morning Consult,76,2202 RV,10,Klobuchar,2
Politico/Morning Consult,76,2202 RV,10,Yang,3
Politico/Morning Consult,76,2202 RV,10,Steyer,2
Politico/Morning Consult,76,2202 RV,10,Gabbard,1
Politico/Morning Consult,76,2202 RV,10,Bennet,1
Politico/Morning Consult,76,2202 RV,10,Patrick,NA
SurveyUSA,76,1071 LV,10,Biden,32
SurveyUSA,76,1071 LV,10,Sanders,17
SurveyUSA,76,1071 LV,10,Warren,22
SurveyUSA,76,1071 LV,10,Bloomberg,NA
SurveyUSA,76,1071 LV,10,Buttigieg,5
SurveyUSA,76,1071 LV,10,Klobuchar,2
SurveyUSA,76,1071 LV,10,Yang,2
SurveyUSA,76,1071 LV,10,Steyer,1
SurveyUSA,76,1071 LV,10,Gabbard,1
SurveyUSA,76,1071 LV,10,Bennet,NA
SurveyUSA,76,1071 LV,10,Patrick,NA
CNN,80,424 RV,11,Biden,34
CNN,80,424 RV,11,Sanders,16
CNN,80,424 RV,11,Warren,19
CNN,80,424 RV,11,Bloomberg,NA
CNN,80,424 RV,11,Buttigieg,6
CNN,80,424 RV,11,Klobuchar,3
CNN,80,424 RV,11,Yang,2
CNN,80,424 RV,11,Steyer,1
CNN,80,424 RV,11,Gabbard,1
CNN,80,424 RV,11,Bennet,1
CNN,80,424 RV,11,Patrick,NA
Politico/Morning Consult,80,11521 RV,11,Biden,30
Politico/Morning Consult,80,11521 RV,11,Sanders,18
Politico/Morning Consult,80,11521 RV,11,Warren,21
Politico/Morning Consult,80,11521 RV,11,Bloomberg,NA
Politico/Morning Consult,80,11521 RV,11,Buttigieg,6
Politico/Morning Consult,80,11521 RV,11,Klobuchar,2
Politico/Morning Consult,80,11521 RV,11,Yang,3
Politico/Morning Consult,80,11521 RV,11,Steyer,1
Politico/Morning Consult,80,11521 RV,11,Gabbard,1
Politico/Morning Consult,80,11521 RV,11,Bennet,1
Politico/Morning Consult,80,11521 RV,11,Patrick,NA
Emerson,81,430 RV,11,Biden,27
Emerson,81,430 RV,11,Sanders,25
Emerson,81,430 RV,11,Warren,21
Emerson,81,430 RV,11,Bloomberg,NA
Emerson,81,430 RV,11,Buttigieg,6
Emerson,81,430 RV,11,Klobuchar,1
Emerson,81,430 RV,11,Yang,4
Emerson,81,430 RV,11,Steyer,1
Emerson,81,430 RV,11,Gabbard,3
Emerson,81,430 RV,11,Bennet,0
Emerson,81,430 RV,11,Patrick,NA
Quinnipiac,81,713 RV,11,Biden,21
Quinnipiac,81,713 RV,11,Sanders,15
Quinnipiac,81,713 RV,11,Warren,28
Quinnipiac,81,713 RV,11,Bloomberg,NA
Quinnipiac,81,713 RV,11,Buttigieg,10
Quinnipiac,81,713 RV,11,Klobuchar,3
Quinnipiac,81,713 RV,11,Yang,1
Quinnipiac,81,713 RV,11,Steyer,1
Quinnipiac,81,713 RV,11,Gabbard,1
Quinnipiac,81,713 RV,11,Bennet,0
Quinnipiac,81,713 RV,11,Patrick,NA
The Hill/HarrisX,82,1001 RV,11,Biden,27
The Hill/HarrisX,82,1001 RV,11,Sanders,14
The Hill/HarrisX,82,1001 RV,11,Warren,19
The Hill/HarrisX,82,1001 RV,11,Bloomberg,NA
The Hill/HarrisX,82,1001 RV,11,Buttigieg,6
The Hill/HarrisX,82,1001 RV,11,Klobuchar,1
The Hill/HarrisX,82,1001 RV,11,Yang,2
The Hill/HarrisX,82,1001 RV,11,Steyer,1
The Hill/HarrisX,82,1001 RV,11,Gabbard,0
The Hill/HarrisX,82,1001 RV,11,Bennet,1
The Hill/HarrisX,82,1001 RV,11,Patrick,NA
Economist/YouGov,82,1204 RV,11,Biden,24
Economist/YouGov,82,1204 RV,11,Sanders,16
Economist/YouGov,82,1204 RV,11,Warren,23
Economist/YouGov,82,1204 RV,11,Bloomberg,NA
Economist/YouGov,82,1204 RV,11,Buttigieg,8
Economist/YouGov,82,1204 RV,11,Klobuchar,2
Economist/YouGov,82,1204 RV,11,Yang,3
Economist/YouGov,82,1204 RV,11,Steyer,1
Economist/YouGov,82,1204 RV,11,Gabbard,2
Economist/YouGov,82,1204 RV,11,Bennet,1
Economist/YouGov,82,1204 RV,11,Patrick,NA
USA Today/Suffolk,86,1000 RV,12,Biden,26
USA Today/Suffolk,86,1000 RV,12,Sanders,13
USA Today/Suffolk,86,1000 RV,12,Warren,17
USA Today/Suffolk,86,1000 RV,12,Bloomberg,NA
USA Today/Suffolk,86,1000 RV,12,Buttigieg,10
USA Today/Suffolk,86,1000 RV,12,Klobuchar,2
USA Today/Suffolk,86,1000 RV,12,Yang,3
USA Today/Suffolk,86,1000 RV,12,Steyer,1
USA Today/Suffolk,86,1000 RV,12,Gabbard,4
USA Today/Suffolk,86,1000 RV,12,Bennet,0
USA Today/Suffolk,86,1000 RV,12,Patrick,NA
Politico/Morning Consult,87,15431 RV,12,Biden,32
Politico/Morning Consult,87,15431 RV,12,Sanders,20
Politico/Morning Consult,87,15431 RV,12,Warren,20
Politico/Morning Consult,87,15431 RV,12,Bloomberg,NA
Politico/Morning Consult,87,15431 RV,12,Buttigieg,7
Politico/Morning Consult,87,15431 RV,12,Klobuchar,2
Politico/Morning Consult,87,15431 RV,12,Yang,3
Politico/Morning Consult,87,15431 RV,12,Steyer,1
Politico/Morning Consult,87,15431 RV,12,Gabbard,2
Politico/Morning Consult,87,15431 RV,12,Bennet,1
Politico/Morning Consult,87,15431 RV,12,Patrick,NA
Economist/YouGov,89,597 RV,12,Biden,27
Economist/YouGov,89,597 RV,12,Sanders,14
Economist/YouGov,89,597 RV,12,Warren,23
Economist/YouGov,89,597 RV,12,Bloomberg,NA
Economist/YouGov,89,597 RV,12,Buttigieg,7
Economist/YouGov,89,597 RV,12,Klobuchar,2
Economist/YouGov,89,597 RV,12,Yang,3
Economist/YouGov,89,597 RV,12,Steyer,1
Economist/YouGov,89,597 RV,12,Gabbard,2
Economist/YouGov,89,597 RV,12,Bennet,1
Economist/YouGov,89,597 RV,12,Patrick,NA
NBC News/Wall St. Jrnl,90,414 RV,12,Biden,27
NBC News/Wall St. Jrnl,90,414 RV,12,Sanders,19
NBC News/Wall St. Jrnl,90,414 RV,12,Warren,23
NBC News/Wall St. Jrnl,90,414 RV,12,Bloomberg,NA
NBC News/Wall St. Jrnl,90,414 RV,12,Buttigieg,6
NBC News/Wall St. Jrnl,90,414 RV,12,Klobuchar,5
NBC News/Wall St. Jrnl,90,414 RV,12,Yang,3
NBC News/Wall St. Jrnl,90,414 RV,12,Steyer,0
NBC News/Wall St. Jrnl,90,414 RV,12,Gabbard,2
NBC News/Wall St. Jrnl,90,414 RV,12,Bennet,1
NBC News/Wall St. Jrnl,90,414 RV,12,Patrick,NA
ABC News/Wash Post,90,452 RV,12,Biden,28
ABC News/Wash Post,90,452 RV,12,Sanders,17
ABC News/Wash Post,90,452 RV,12,Warren,23
ABC News/Wash Post,90,452 RV,12,Bloomberg,NA
ABC News/Wash Post,90,452 RV,12,Buttigieg,9
ABC News/Wash Post,90,452 RV,12,Klobuchar,2
ABC News/Wash Post,90,452 RV,12,Yang,2
ABC News/Wash Post,90,452 RV,12,Steyer,1
ABC News/Wash Post,90,452 RV,12,Gabbard,2
ABC News/Wash Post,90,452 RV,12,Bennet,1
ABC News/Wash Post,90,452 RV,12,Patrick,NA
FOX News,90,471 RV,12,Biden,31
FOX News,90,471 RV,12,Sanders,19
FOX News,90,471 RV,12,Warren,21
FOX News,90,471 RV,12,Bloomberg,NA
FOX News,90,471 RV,12,Buttigieg,7
FOX News,90,471 RV,12,Klobuchar,2
FOX News,90,471 RV,12,Yang,3
FOX News,90,471 RV,12,Steyer,1
FOX News,90,471 RV,12,Gabbard,2
FOX News,90,471 RV,12,Bennet,0
FOX News,90,471 RV,12,Patrick,NA
Harvard-Harris,91,RV,13,Biden,33
Harvard-Harris,91,RV,13,Sanders,18
Harvard-Harris,91,RV,13,Warren,15
Harvard-Harris,91,RV,13,Bloomberg,NA
Harvard-Harris,91,RV,13,Buttigieg,4
Harvard-Harris,91,RV,13,Klobuchar,3
Harvard-Harris,91,RV,13,Yang,2
Harvard-Harris,91,RV,13,Steyer,1
Harvard-Harris,91,RV,13,Gabbard,0
Harvard-Harris,91,RV,13,Bennet,NA
Harvard-Harris,91,RV,13,Patrick,NA
IBD/TIPP,91,361 RV,13,Biden,29
IBD/TIPP,91,361 RV,13,Sanders,13
IBD/TIPP,91,361 RV,13,Warren,23
IBD/TIPP,91,361 RV,13,Bloomberg,NA
IBD/TIPP,91,361 RV,13,Buttigieg,7
IBD/TIPP,91,361 RV,13,Klobuchar,3
IBD/TIPP,91,361 RV,13,Yang,3
IBD/TIPP,91,361 RV,13,Steyer,1
IBD/TIPP,91,361 RV,13,Gabbard,0
IBD/TIPP,91,361 RV,13,Bennet,0
IBD/TIPP,91,361 RV,13,Patrick,NA
The Hill/HarrisX,93,429 RV,13,Biden,26
The Hill/HarrisX,93,429 RV,13,Sanders,14
The Hill/HarrisX,93,429 RV,13,Warren,15
The Hill/HarrisX,93,429 RV,13,Bloomberg,NA
The Hill/HarrisX,93,429 RV,13,Buttigieg,6
The Hill/HarrisX,93,429 RV,13,Klobuchar,3
The Hill/HarrisX,93,429 RV,13,Yang,1
The Hill/HarrisX,93,429 RV,13,Steyer,1
The Hill/HarrisX,93,429 RV,13,Gabbard,1
The Hill/HarrisX,93,429 RV,13,Bennet,1
The Hill/HarrisX,93,429 RV,13,Patrick,NA
Monmouth,94,RV,13,Biden,23
Monmouth,94,RV,13,Sanders,20
Monmouth,94,RV,13,Warren,23
Monmouth,94,RV,13,Bloomberg,NA
Monmouth,94,RV,13,Buttigieg,9
Monmouth,94,RV,13,Klobuchar,2
Monmouth,94,RV,13,Yang,3
Monmouth,94,RV,13,Steyer,1
Monmouth,94,RV,13,Gabbard,0
Monmouth,94,RV,13,Bennet,0
Monmouth,94,RV,13,Patrick,NA
Politico/Morning Consult,94,16071 RV,13,Biden,32
Politico/Morning Consult,94,16071 RV,13,Sanders,20
Politico/Morning Consult,94,16071 RV,13,Warren,20
Politico/Morning Consult,94,16071 RV,13,Bloomberg,NA
Politico/Morning Consult,94,16071 RV,13,Buttigieg,7
Politico/Morning Consult,94,16071 RV,13,Klobuchar,2
Politico/Morning Consult,94,16071 RV,13,Yang,3
Politico/Morning Consult,94,16071 RV,13,Steyer,1
Politico/Morning Consult,94,16071 RV,13,Gabbard,2
Politico/Morning Consult,94,16071 RV,13,Bennet,1
Politico/Morning Consult,94,16071 RV,13,Patrick,NA
LA Times/USC,94,2599 LV,13,Biden,28
LA Times/USC,94,2599 LV,13,Sanders,13
LA Times/USC,94,2599 LV,13,Warren,16
LA Times/USC,94,2599 LV,13,Bloomberg,NA
LA Times/USC,94,2599 LV,13,Buttigieg,6
LA Times/USC,94,2599 LV,13,Klobuchar,2
LA Times/USC,94,2599 LV,13,Yang,2
LA Times/USC,94,2599 LV,13,Steyer,1
LA Times/USC,94,2599 LV,13,Gabbard,1
LA Times/USC,94,2599 LV,13,Bennet,0
LA Times/USC,94,2599 LV,13,Patrick,NA
Economist/YouGov,96,1201 RV,13,Biden,26
Economist/YouGov,96,1201 RV,13,Sanders,14
Economist/YouGov,96,1201 RV,13,Warren,25
Economist/YouGov,96,1201 RV,13,Bloomberg,NA
Economist/YouGov,96,1201 RV,13,Buttigieg,8
Economist/YouGov,96,1201 RV,13,Klobuchar,2
Economist/YouGov,96,1201 RV,13,Yang,1
Economist/YouGov,96,1201 RV,13,Steyer,1
Economist/YouGov,96,1201 RV,13,Gabbard,3
Economist/YouGov,96,1201 RV,13,Bennet,0
Economist/YouGov,96,1201 RV,13,Patrick,NA
Politico/Morning Consult,101,16400 RV,14,Biden,32
Politico/Morning Consult,101,16400 RV,14,Sanders,20
Politico/Morning Consult,101,16400 RV,14,Warren,19
Politico/Morning Consult,101,16400 RV,14,Bloomberg,2
Politico/Morning Consult,101,16400 RV,14,Buttigieg,8
Politico/Morning Consult,101,16400 RV,14,Klobuchar,2
Politico/Morning Consult,101,16400 RV,14,Yang,3
Politico/Morning Consult,101,16400 RV,14,Steyer,1
Politico/Morning Consult,101,16400 RV,14,Gabbard,1
Politico/Morning Consult,101,16400 RV,14,Bennet,1
Politico/Morning Consult,101,16400 RV,14,Patrick,NA
Economist/YouGov,103,600 LV,14,Biden,23
Economist/YouGov,103,600 LV,14,Sanders,17
Economist/YouGov,103,600 LV,14,Warren,26
Economist/YouGov,103,600 LV,14,Bloomberg,NA
Economist/YouGov,103,600 LV,14,Buttigieg,9
Economist/YouGov,103,600 LV,14,Klobuchar,2
Economist/YouGov,103,600 LV,14,Yang,4
Economist/YouGov,103,600 LV,14,Steyer,1
Economist/YouGov,103,600 LV,14,Gabbard,2
Economist/YouGov,103,600 LV,14,Bennet,0
Economist/YouGov,103,600 LV,14,Patrick,NA
The Hill/HarrisX,108,449 RV,15,Biden,30
The Hill/HarrisX,108,449 RV,15,Sanders,18
The Hill/HarrisX,108,449 RV,15,Warren,15
The Hill/HarrisX,108,449 RV,15,Bloomberg,3
The Hill/HarrisX,108,449 RV,15,Buttigieg,7
The Hill/HarrisX,108,449 RV,15,Klobuchar,1
The Hill/HarrisX,108,449 RV,15,Yang,2
The Hill/HarrisX,108,449 RV,15,Steyer,1
The Hill/HarrisX,108,449 RV,15,Gabbard,1
The Hill/HarrisX,108,449 RV,15,Bennet,1
The Hill/HarrisX,108,449 RV,15,Patrick,NA
Politico/Morning Consult,108,17050 RV,15,Biden,32
Politico/Morning Consult,108,17050 RV,15,Sanders,20
Politico/Morning Consult,108,17050 RV,15,Warren,17
Politico/Morning Consult,108,17050 RV,15,Bloomberg,3
Politico/Morning Consult,108,17050 RV,15,Buttigieg,8
Politico/Morning Consult,108,17050 RV,15,Klobuchar,2
Politico/Morning Consult,108,17050 RV,15,Yang,3
Politico/Morning Consult,108,17050 RV,15,Steyer,1
Politico/Morning Consult,108,17050 RV,15,Gabbard,2
Politico/Morning Consult,108,17050 RV,15,Bennet,1
Politico/Morning Consult,108,17050 RV,15,Patrick,NA
Economist/YouGov,110,586 RV,15,Biden,30
Economist/YouGov,110,586 RV,15,Sanders,12
Economist/YouGov,110,586 RV,15,Warren,22
Economist/YouGov,110,586 RV,15,Bloomberg,NA
Economist/YouGov,110,586 RV,15,Buttigieg,9
Economist/YouGov,110,586 RV,15,Klobuchar,2
Economist/YouGov,110,586 RV,15,Yang,2
Economist/YouGov,110,586 RV,15,Steyer,1
Economist/YouGov,110,586 RV,15,Gabbard,3
Economist/YouGov,110,586 RV,15,Bennet,1
Economist/YouGov,110,586 RV,15,Patrick,NA
Emerson,111,468 RV,15,Biden,27
Emerson,111,468 RV,15,Sanders,27
Emerson,111,468 RV,15,Warren,20
Emerson,111,468 RV,15,Bloomberg,1
Emerson,111,468 RV,15,Buttigieg,7
Emerson,111,468 RV,15,Klobuchar,1
Emerson,111,468 RV,15,Yang,4
Emerson,111,468 RV,15,Steyer,2
Emerson,111,468 RV,15,Gabbard,2
Emerson,111,468 RV,15,Bennet,0
Emerson,111,468 RV,15,Patrick,NA
SurveyUSA,112,1088 LV,16,Biden,30
SurveyUSA,112,1088 LV,16,Sanders,17
SurveyUSA,112,1088 LV,16,Warren,15
SurveyUSA,112,1088 LV,16,Bloomberg,3
SurveyUSA,112,1088 LV,16,Buttigieg,11
SurveyUSA,112,1088 LV,16,Klobuchar,2
SurveyUSA,112,1088 LV,16,Yang,4
SurveyUSA,112,1088 LV,16,Steyer,2
SurveyUSA,112,1088 LV,16,Gabbard,1
SurveyUSA,112,1088 LV,16,Bennet,NA
SurveyUSA,112,1088 LV,16,Patrick,1
CNN,115,431 RV,16,Biden,28
CNN,115,431 RV,16,Sanders,17
CNN,115,431 RV,16,Warren,14
CNN,115,431 RV,16,Bloomberg,3
CNN,115,431 RV,16,Buttigieg,11
CNN,115,431 RV,16,Klobuchar,2
CNN,115,431 RV,16,Yang,3
CNN,115,431 RV,16,Steyer,3
CNN,115,431 RV,16,Gabbard,0
CNN,115,431 RV,16,Bennet,0
CNN,115,431 RV,16,Patrick,0
Politico/Morning Consult,115,8102 RV,16,Biden,30
Politico/Morning Consult,115,8102 RV,16,Sanders,21
Politico/Morning Consult,115,8102 RV,16,Warren,15
Politico/Morning Consult,115,8102 RV,16,Bloomberg,2
Politico/Morning Consult,115,8102 RV,16,Buttigieg,9
Politico/Morning Consult,115,8102 RV,16,Klobuchar,2
Politico/Morning Consult,115,8102 RV,16,Yang,4
Politico/Morning Consult,115,8102 RV,16,Steyer,2
Politico/Morning Consult,115,8102 RV,16,Gabbard,2
Politico/Morning Consult,115,8102 RV,16,Bennet,1
Politico/Morning Consult,115,8102 RV,16,Patrick,0
Quinnipiac,116,1355 RV,16,Biden,24
Quinnipiac,116,1355 RV,16,Sanders,13
Quinnipiac,116,1355 RV,16,Warren,14
Quinnipiac,116,1355 RV,16,Bloomberg,3
Quinnipiac,116,1355 RV,16,Buttigieg,16
Quinnipiac,116,1355 RV,16,Klobuchar,3
Quinnipiac,116,1355 RV,16,Yang,2
Quinnipiac,116,1355 RV,16,Steyer,0
Quinnipiac,116,1355 RV,16,Gabbard,1
Quinnipiac,116,1355 RV,16,Bennet,2
Quinnipiac,116,1355 RV,16,Patrick,0
Economist/YouGov,117,550 RV,16,Biden,23
Economist/YouGov,117,550 RV,16,Sanders,15
Economist/YouGov,117,550 RV,16,Warren,17
Economist/YouGov,117,550 RV,16,Bloomberg,3
Economist/YouGov,117,550 RV,16,Buttigieg,12
Economist/YouGov,117,550 RV,16,Klobuchar,3
Economist/YouGov,117,550 RV,16,Yang,3
Economist/YouGov,117,550 RV,16,Steyer,1
Economist/YouGov,117,550 RV,16,Gabbard,2
Economist/YouGov,117,550 RV,16,Bennet,0
Economist/YouGov,117,550 RV,16,Patrick,1
Harvard-Harris,120,756 RV,17,Biden,29
Harvard-Harris,120,756 RV,17,Sanders,16
Harvard-Harris,120,756 RV,17,Warren,13
Harvard-Harris,120,756 RV,17,Bloomberg,7
Harvard-Harris,120,756 RV,17,Buttigieg,8
Harvard-Harris,120,756 RV,17,Klobuchar,2
Harvard-Harris,120,756 RV,17,Yang,3
Harvard-Harris,120,756 RV,17,Steyer,2
Harvard-Harris,120,756 RV,17,Gabbard,1
Harvard-Harris,120,756 RV,17,Bennet,NA
Harvard-Harris,120,756 RV,17,Patrick,NA
The Hill/HarrisX,122,437 RV,17,Biden,31
The Hill/HarrisX,122,437 RV,17,Sanders,15
The Hill/HarrisX,122,437 RV,17,Warren,10
The Hill/HarrisX,122,437 RV,17,Bloomberg,6
The Hill/HarrisX,122,437 RV,17,Buttigieg,9
The Hill/HarrisX,122,437 RV,17,Klobuchar,2
The Hill/HarrisX,122,437 RV,17,Yang,2
The Hill/HarrisX,122,437 RV,17,Steyer,2
The Hill/HarrisX,122,437 RV,17,Gabbard,0
The Hill/HarrisX,122,437 RV,17,Bennet,1
The Hill/HarrisX,122,437 RV,17,Patrick,1
Politico/Morning Consult,122,15773 RV,17,Biden,29
Politico/Morning Consult,122,15773 RV,17,Sanders,20
Politico/Morning Consult,122,15773 RV,17,Warren,15
Politico/Morning Consult,122,15773 RV,17,Bloomberg,5
Politico/Morning Consult,122,15773 RV,17,Buttigieg,9
Politico/Morning Consult,122,15773 RV,17,Klobuchar,2
Politico/Morning Consult,122,15773 RV,17,Yang,4
Politico/Morning Consult,122,15773 RV,17,Steyer,2
Politico/Morning Consult,122,15773 RV,17,Gabbard,2
Politico/Morning Consult,122,15773 RV,17,Bennet,1
Politico/Morning Consult,122,15773 RV,17,Patrick,0
Economist/YouGov,124,541 LV,17,Biden,27
Economist/YouGov,124,541 LV,17,Sanders,13
Economist/YouGov,124,541 LV,17,Warren,18
Economist/YouGov,124,541 LV,17,Bloomberg,3
Economist/YouGov,124,541 LV,17,Buttigieg,12
Economist/YouGov,124,541 LV,17,Klobuchar,3
Economist/YouGov,124,541 LV,17,Yang,2
Economist/YouGov,124,541 LV,17,Steyer,0
Economist/YouGov,124,541 LV,17,Gabbard,2
Economist/YouGov,124,541 LV,17,Bennet,1
Economist/YouGov,124,541 LV,17,Patrick,1
Monmouth,129,384 RV,18,Biden,26
Monmouth,129,384 RV,18,Sanders,21
Monmouth,129,384 RV,18,Warren,17
Monmouth,129,384 RV,18,Bloomberg,5
Monmouth,129,384 RV,18,Buttigieg,8
Monmouth,129,384 RV,18,Klobuchar,4
Monmouth,129,384 RV,18,Yang,3
Monmouth,129,384 RV,18,Steyer,1
Monmouth,129,384 RV,18,Gabbard,0
Monmouth,129,384 RV,18,Bennet,0
Monmouth,129,384 RV,18,Patrick,1
Politico/Morning Consult,129,15442 RV,18,Biden,30
Politico/Morning Consult,129,15442 RV,18,Sanders,22
Politico/Morning Consult,129,15442 RV,18,Warren,16
Politico/Morning Consult,129,15442 RV,18,Bloomberg,6
Politico/Morning Consult,129,15442 RV,18,Buttigieg,9
Politico/Morning Consult,129,15442 RV,18,Klobuchar,2
Politico/Morning Consult,129,15442 RV,18,Yang,4
Politico/Morning Consult,129,15442 RV,18,Steyer,3
Politico/Morning Consult,129,15442 RV,18,Gabbard,2
Politico/Morning Consult,129,15442 RV,18,Bennet,1
Politico/Morning Consult,129,15442 RV,18,Patrick,0
Quinnipiac,130,665 RV,18,Biden,29
Quinnipiac,130,665 RV,18,Sanders,17
Quinnipiac,130,665 RV,18,Warren,15
Quinnipiac,130,665 RV,18,Bloomberg,5
Quinnipiac,130,665 RV,18,Buttigieg,9
Quinnipiac,130,665 RV,18,Klobuchar,3
Quinnipiac,130,665 RV,18,Yang,4
Quinnipiac,130,665 RV,18,Steyer,1
Quinnipiac,130,665 RV,18,Gabbard,2
Quinnipiac,130,665 RV,18,Bennet,1
Quinnipiac,130,665 RV,18,Patrick,0
Economist/YouGov,131,497 LV,18,Biden,26
Economist/YouGov,131,497 LV,18,Sanders,16
Economist/YouGov,131,497 LV,18,Warren,21
Economist/YouGov,131,497 LV,18,Bloomberg,4
Economist/YouGov,131,497 LV,18,Buttigieg,11
Economist/YouGov,131,497 LV,18,Klobuchar,2
Economist/YouGov,131,497 LV,18,Yang,3
Economist/YouGov,131,497 LV,18,Steyer,1
Economist/YouGov,131,497 LV,18,Gabbard,3
Economist/YouGov,131,497 LV,18,Bennet,1
Economist/YouGov,131,497 LV,18,Patrick,0
NPR/PBS/Marist,132,704 RV,18,Biden,24
NPR/PBS/Marist,132,704 RV,18,Sanders,22
NPR/PBS/Marist,132,704 RV,18,Warren,17
NPR/PBS/Marist,132,704 RV,18,Bloomberg,4
NPR/PBS/Marist,132,704 RV,18,Buttigieg,13
NPR/PBS/Marist,132,704 RV,18,Klobuchar,4
NPR/PBS/Marist,132,704 RV,18,Yang,5
NPR/PBS/Marist,132,704 RV,18,Steyer,0
NPR/PBS/Marist,132,704 RV,18,Gabbard,1
NPR/PBS/Marist,132,704 RV,18,Bennet,1
NPR/PBS/Marist,132,704 RV,18,Patrick,0
FOX News,132,453 RV,18,Biden,30
FOX News,132,453 RV,18,Sanders,20
FOX News,132,453 RV,18,Warren,13
FOX News,132,453 RV,18,Bloomberg,5
FOX News,132,453 RV,18,Buttigieg,7
FOX News,132,453 RV,18,Klobuchar,5
FOX News,132,453 RV,18,Yang,3
FOX News,132,453 RV,18,Steyer,1
FOX News,132,453 RV,18,Gabbard,3
FOX News,132,453 RV,18,Bennet,1
FOX News,132,453 RV,18,Patrick,0
The Hill/HarrisX,135,456 RV,19,Biden,29
The Hill/HarrisX,135,456 RV,19,Sanders,13
The Hill/HarrisX,135,456 RV,19,Warren,13
The Hill/HarrisX,135,456 RV,19,Bloomberg,5
The Hill/HarrisX,135,456 RV,19,Buttigieg,5
The Hill/HarrisX,135,456 RV,19,Klobuchar,3
The Hill/HarrisX,135,456 RV,19,Yang,3
The Hill/HarrisX,135,456 RV,19,Steyer,3
The Hill/HarrisX,135,456 RV,19,Gabbard,1
The Hill/HarrisX,135,456 RV,19,Bennet,1
The Hill/HarrisX,135,456 RV,19,Patrick,2
USA Today/Suffolk,135,384 LV,19,Biden,23
USA Today/Suffolk,135,384 LV,19,Sanders,14
USA Today/Suffolk,135,384 LV,19,Warren,13
USA Today/Suffolk,135,384 LV,19,Bloomberg,6
USA Today/Suffolk,135,384 LV,19,Buttigieg,8
USA Today/Suffolk,135,384 LV,19,Klobuchar,3
USA Today/Suffolk,135,384 LV,19,Yang,2
USA Today/Suffolk,135,384 LV,19,Steyer,1
USA Today/Suffolk,135,384 LV,19,Gabbard,1
USA Today/Suffolk,135,384 LV,19,Bennet,0
USA Today/Suffolk,135,384 LV,19,Patrick,NA
IBD/TIPP,135,312 RV,19,Biden,26
IBD/TIPP,135,312 RV,19,Sanders,18
IBD/TIPP,135,312 RV,19,Warren,14
IBD/TIPP,135,312 RV,19,Bloomberg,5
IBD/TIPP,135,312 RV,19,Buttigieg,9
IBD/TIPP,135,312 RV,19,Klobuchar,2
IBD/TIPP,135,312 RV,19,Yang,2
IBD/TIPP,135,312 RV,19,Steyer,2
IBD/TIPP,135,312 RV,19,Gabbard,1
IBD/TIPP,135,312 RV,19,Bennet,1
IBD/TIPP,135,312 RV,19,Patrick,0
CNN,136,408 RV,19,Biden,26
CNN,136,408 RV,19,Sanders,20
CNN,136,408 RV,19,Warren,16
CNN,136,408 RV,19,Bloomberg,5
CNN,136,408 RV,19,Buttigieg,8
CNN,136,408 RV,19,Klobuchar,3
CNN,136,408 RV,19,Yang,3
CNN,136,408 RV,19,Steyer,1
CNN,136,408 RV,19,Gabbard,1
CNN,136,408 RV,19,Bennet,0
CNN,136,408 RV,19,Patrick,0
Quinnipiac,136,567 RV,19,Biden,30
Quinnipiac,136,567 RV,19,Sanders,16
Quinnipiac,136,567 RV,19,Warren,17
Quinnipiac,136,567 RV,19,Bloomberg,7
Quinnipiac,136,567 RV,19,Buttigieg,9
Quinnipiac,136,567 RV,19,Klobuchar,3
Quinnipiac,136,567 RV,19,Yang,3
Quinnipiac,136,567 RV,19,Steyer,1
Quinnipiac,136,567 RV,19,Gabbard,1
Quinnipiac,136,567 RV,19,Bennet,0
Quinnipiac,136,567 RV,19,Patrick,0
Politico/Morning Consult,136,13384 RV,19,Biden,31
Politico/Morning Consult,136,13384 RV,19,Sanders,22
Politico/Morning Consult,136,13384 RV,19,Warren,15
Politico/Morning Consult,136,13384 RV,19,Bloomberg,7
Politico/Morning Consult,136,13384 RV,19,Buttigieg,8
Politico/Morning Consult,136,13384 RV,19,Klobuchar,2
Politico/Morning Consult,136,13384 RV,19,Yang,4
Politico/Morning Consult,136,13384 RV,19,Steyer,3
Politico/Morning Consult,136,13384 RV,19,Gabbard,2
Politico/Morning Consult,136,13384 RV,19,Bennet,1
Politico/Morning Consult,136,13384 RV,19,Patrick,0
Emerson,138,525 RV,19,Biden,32
Emerson,138,525 RV,19,Sanders,25
Emerson,138,525 RV,19,Warren,12
Emerson,138,525 RV,19,Bloomberg,3
Emerson,138,525 RV,19,Buttigieg,8
Emerson,138,525 RV,19,Klobuchar,2
Emerson,138,525 RV,19,Yang,6
Emerson,138,525 RV,19,Steyer,2
Emerson,138,525 RV,19,Gabbard,4
Emerson,138,525 RV,19,Bennet,0
Emerson,138,525 RV,19,Patrick,0
NBC News/Wall St. Jrnl,138,410 LV,19,Biden,28
NBC News/Wall St. Jrnl,138,410 LV,19,Sanders,21
NBC News/Wall St. Jrnl,138,410 LV,19,Warren,18
NBC News/Wall St. Jrnl,138,410 LV,19,Bloomberg,4
NBC News/Wall St. Jrnl,138,410 LV,19,Buttigieg,9
NBC News/Wall St. Jrnl,138,410 LV,19,Klobuchar,5
NBC News/Wall St. Jrnl,138,410 LV,19,Yang,3
NBC News/Wall St. Jrnl,138,410 LV,19,Steyer,1
NBC News/Wall St. Jrnl,138,410 LV,19,Gabbard,2
NBC News/Wall St. Jrnl,138,410 LV,19,Bennet,0
NBC News/Wall St. Jrnl,138,410 LV,19,Patrick,0
Economist/YouGov,138,555 LV,19,Biden,29
Economist/YouGov,138,555 LV,19,Sanders,19
Economist/YouGov,138,555 LV,19,Warren,17
Economist/YouGov,138,555 LV,19,Bloomberg,4
Economist/YouGov,138,555 LV,19,Buttigieg,7
Economist/YouGov,138,555 LV,19,Klobuchar,4
Economist/YouGov,138,555 LV,19,Yang,3
Economist/YouGov,138,555 LV,19,Steyer,2
Economist/YouGov,138,555 LV,19,Gabbard,3
Economist/YouGov,138,555 LV,19,Bennet,1
Economist/YouGov,138,555 LV,19,Patrick,0
Politico/Morning Consult,143,7178 RV,20,Biden,31
Politico/Morning Consult,143,7178 RV,20,Sanders,21
Politico/Morning Consult,143,7178 RV,20,Warren,15
Politico/Morning Consult,143,7178 RV,20,Bloomberg,6
Politico/Morning Consult,143,7178 RV,20,Buttigieg,9
Politico/Morning Consult,143,7178 RV,20,Klobuchar,3
Politico/Morning Consult,143,7178 RV,20,Yang,5
Politico/Morning Consult,143,7178 RV,20,Steyer,3
Politico/Morning Consult,143,7178 RV,20,Gabbard,2
Politico/Morning Consult,143,7178 RV,20,Bennet,1
Politico/Morning Consult,143,7178 RV,20,Patrick,0
Economist/YouGov,145,586 LV,20,Biden,30
Economist/YouGov,145,586 LV,20,Sanders,17
Economist/YouGov,145,586 LV,20,Warren,19
Economist/YouGov,145,586 LV,20,Bloomberg,4
Economist/YouGov,145,586 LV,20,Buttigieg,7
Economist/YouGov,145,586 LV,20,Klobuchar,5
Economist/YouGov,145,586 LV,20,Yang,3
Economist/YouGov,145,586 LV,20,Steyer,1
Economist/YouGov,145,586 LV,20,Gabbard,2
Economist/YouGov,145,586 LV,20,Bennet,0
Economist/YouGov,145,586 LV,20,Patrick,0
The Hill/HarrisX,149,431 RV,21,Biden,28
The Hill/HarrisX,149,431 RV,21,Sanders,16
The Hill/HarrisX,149,431 RV,21,Warren,11
The Hill/HarrisX,149,431 RV,21,Bloomberg,11
The Hill/HarrisX,149,431 RV,21,Buttigieg,6
The Hill/HarrisX,149,431 RV,21,Klobuchar,2
The Hill/HarrisX,149,431 RV,21,Yang,2
The Hill/HarrisX,149,431 RV,21,Steyer,2
The Hill/HarrisX,149,431 RV,21,Gabbard,2
The Hill/HarrisX,149,431 RV,21,Bennet,0
The Hill/HarrisX,149,431 RV,21,Patrick,0
Harvard-Harris,150,756 RV,21,Biden,30
Harvard-Harris,150,756 RV,21,Sanders,17
Harvard-Harris,150,756 RV,21,Warren,12
Harvard-Harris,150,756 RV,21,Bloomberg,7
Harvard-Harris,150,756 RV,21,Buttigieg,7
Harvard-Harris,150,756 RV,21,Klobuchar,2
Harvard-Harris,150,756 RV,21,Yang,3
Harvard-Harris,150,756 RV,21,Steyer,2
Harvard-Harris,150,756 RV,21,Gabbard,1
Harvard-Harris,150,756 RV,21,Bennet,NA
Harvard-Harris,150,756 RV,21,Patrick,NA
Politico/Morning Consult,150,17787 RV,21,Biden,32
Politico/Morning Consult,150,17787 RV,21,Sanders,21
Politico/Morning Consult,150,17787 RV,21,Warren,14
Politico/Morning Consult,150,17787 RV,21,Bloomberg,6
Politico/Morning Consult,150,17787 RV,21,Buttigieg,8
Politico/Morning Consult,150,17787 RV,21,Klobuchar,3
Politico/Morning Consult,150,17787 RV,21,Yang,4
Politico/Morning Consult,150,17787 RV,21,Steyer,3
Politico/Morning Consult,150,17787 RV,21,Gabbard,1
Politico/Morning Consult,150,17787 RV,21,Bennet,1
Politico/Morning Consult,150,17787 RV,21,Patrick,0
Economist/YouGov,152,548 RV,21,Biden,29
Economist/YouGov,152,548 RV,21,Sanders,19
Economist/YouGov,152,548 RV,21,Warren,18
Economist/YouGov,152,548 RV,21,Bloomberg,3
Economist/YouGov,152,548 RV,21,Buttigieg,8
Economist/YouGov,152,548 RV,21,Klobuchar,4
Economist/YouGov,152,548 RV,21,Yang,3
Economist/YouGov,152,548 RV,21,Steyer,2
Economist/YouGov,152,548 RV,21,Gabbard,3
Economist/YouGov,152,548 RV,21,Bennet,0
Economist/YouGov,152,548 RV,21,Patrick,0
Morning Consult,157,17213 RV,22,Biden,31
Morning Consult,157,17213 RV,22,Sanders,23
Morning Consult,157,17213 RV,22,Warren,14
Morning Consult,157,17213 RV,22,Bloomberg,7
Morning Consult,157,17213 RV,22,Buttigieg,8
Morning Consult,157,17213 RV,22,Klobuchar,3
Morning Consult,157,17213 RV,22,Yang,4
Morning Consult,157,17213 RV,22,Steyer,4
Morning Consult,157,17213 RV,22,Gabbard,2
Morning Consult,157,17213 RV,22,Bennet,1
Morning Consult,157,17213 RV,22,Patrick,0
Economist/YouGov,159,574 RV,22,Biden,27
Economist/YouGov,159,574 RV,22,Sanders,20
Economist/YouGov,159,574 RV,22,Warren,22
Economist/YouGov,159,574 RV,22,Bloomberg,3
Economist/YouGov,159,574 RV,22,Buttigieg,7
Economist/YouGov,159,574 RV,22,Klobuchar,3
Economist/YouGov,159,574 RV,22,Yang,3
Economist/YouGov,159,574 RV,22,Steyer,2
Economist/YouGov,159,574 RV,22,Gabbard,3
Economist/YouGov,159,574 RV,22,Bennet,0
Economist/YouGov,159,574 RV,22,Patrick,0
IBD/TIPP,163,333 RV,23,Biden,26
IBD/TIPP,163,333 RV,23,Sanders,15
IBD/TIPP,163,333 RV,23,Warren,20
IBD/TIPP,163,333 RV,23,Bloomberg,7
IBD/TIPP,163,333 RV,23,Buttigieg,9
IBD/TIPP,163,333 RV,23,Klobuchar,3
IBD/TIPP,163,333 RV,23,Yang,3
IBD/TIPP,163,333 RV,23,Steyer,2
IBD/TIPP,163,333 RV,23,Gabbard,1
IBD/TIPP,163,333 RV,23,Bennet,0
IBD/TIPP,163,333 RV,23,Patrick,0
Quinnipiac,164,651 RV,23,Biden,25
Quinnipiac,164,651 RV,23,Sanders,19
Quinnipiac,164,651 RV,23,Warren,16
Quinnipiac,164,651 RV,23,Bloomberg,6
Quinnipiac,164,651 RV,23,Buttigieg,8
Quinnipiac,164,651 RV,23,Klobuchar,4
Quinnipiac,164,651 RV,23,Yang,5
Quinnipiac,164,651 RV,23,Steyer,1
Quinnipiac,164,651 RV,23,Gabbard,1
Quinnipiac,164,651 RV,23,Bennet,1
Quinnipiac,164,651 RV,23,Patrick,1
Politico/Morning Consult,164,17096 RV,23,Biden,29
Politico/Morning Consult,164,17096 RV,23,Sanders,23
Politico/Morning Consult,164,17096 RV,23,Warren,14
Politico/Morning Consult,164,17096 RV,23,Bloomberg,8
Politico/Morning Consult,164,17096 RV,23,Buttigieg,8
Politico/Morning Consult,164,17096 RV,23,Klobuchar,3
Politico/Morning Consult,164,17096 RV,23,Yang,5
Politico/Morning Consult,164,17096 RV,23,Steyer,4
Politico/Morning Consult,164,17096 RV,23,Gabbard,2
Politico/Morning Consult,164,17096 RV,23,Bennet,1
Politico/Morning Consult,164,17096 RV,23,Patrick,0
The Hill/HarrisX,166,451 RV,23,Biden,29
The Hill/HarrisX,166,451 RV,23,Sanders,19
The Hill/HarrisX,166,451 RV,23,Warren,11
The Hill/HarrisX,166,451 RV,23,Bloomberg,7
The Hill/HarrisX,166,451 RV,23,Buttigieg,4
The Hill/HarrisX,166,451 RV,23,Klobuchar,3
The Hill/HarrisX,166,451 RV,23,Yang,2
The Hill/HarrisX,166,451 RV,23,Steyer,3
The Hill/HarrisX,166,451 RV,23,Gabbard,1
The Hill/HarrisX,166,451 RV,23,Bennet,2
The Hill/HarrisX,166,451 RV,23,Patrick,0
Economist/YouGov,166,521 RV,23,Biden,27
Economist/YouGov,166,521 RV,23,Sanders,20
Economist/YouGov,166,521 RV,23,Warren,19
Economist/YouGov,166,521 RV,23,Bloomberg,5
Economist/YouGov,166,521 RV,23,Buttigieg,7
Economist/YouGov,166,521 RV,23,Klobuchar,3
Economist/YouGov,166,521 RV,23,Yang,3
Economist/YouGov,166,521 RV,23,Steyer,1
Economist/YouGov,166,521 RV,23,Gabbard,2
Economist/YouGov,166,521 RV,23,Bennet,0
Economist/YouGov,166,521 RV,23,Patrick,0
SurveyUSA,168,1086 LV,24,Biden,32
SurveyUSA,168,1086 LV,24,Sanders,21
SurveyUSA,168,1086 LV,24,Warren,14
SurveyUSA,168,1086 LV,24,Bloomberg,9
SurveyUSA,168,1086 LV,24,Buttigieg,9
SurveyUSA,168,1086 LV,24,Klobuchar,2
SurveyUSA,168,1086 LV,24,Yang,4
SurveyUSA,168,1086 LV,24,Steyer,3
SurveyUSA,168,1086 LV,24,Gabbard,2
SurveyUSA,168,1086 LV,24,Bennet,NA
SurveyUSA,168,1086 LV,24,Patrick,NA
CNN,171,500 RV,24,Biden,24
CNN,171,500 RV,24,Sanders,27
CNN,171,500 RV,24,Warren,14
CNN,171,500 RV,24,Bloomberg,5
CNN,171,500 RV,24,Buttigieg,11
CNN,171,500 RV,24,Klobuchar,4
CNN,171,500 RV,24,Yang,4
CNN,171,500 RV,24,Steyer,2
CNN,171,500 RV,24,Gabbard,0
CNN,171,500 RV,24,Bennet,0
CNN,171,500 RV,24,Patrick,0
Morning Consult,171,12402 LV,24,Biden,29
Morning Consult,171,12402 LV,24,Sanders,24
Morning Consult,171,12402 LV,24,Warren,15
Morning Consult,171,12402 LV,24,Bloomberg,10
Morning Consult,171,12402 LV,24,Buttigieg,8
Morning Consult,171,12402 LV,24,Klobuchar,3
Morning Consult,171,12402 LV,24,Yang,4
Morning Consult,171,12402 LV,24,Steyer,3
Morning Consult,171,12402 LV,24,Gabbard,2
Morning Consult,171,12402 LV,24,Bennet,1
Morning Consult,171,12402 LV,24,Patrick,0
Monmouth,172,372 RV,24,Biden,30
Monmouth,172,372 RV,24,Sanders,23
Monmouth,172,372 RV,24,Warren,14
Monmouth,172,372 RV,24,Bloomberg,9
Monmouth,172,372 RV,24,Buttigieg,6
Monmouth,172,372 RV,24,Klobuchar,5
Monmouth,172,372 RV,24,Yang,3
Monmouth,172,372 RV,24,Steyer,1
Monmouth,172,372 RV,24,Gabbard,1
Monmouth,172,372 RV,24,Bennet,1
Monmouth,172,372 RV,24,Patrick,0
Economist/YouGov,173,470 LV,24,Biden,28
Economist/YouGov,173,470 LV,24,Sanders,18
Economist/YouGov,173,470 LV,24,Warren,21
Economist/YouGov,173,470 LV,24,Bloomberg,6
Economist/YouGov,173,470 LV,24,Buttigieg,8
Economist/YouGov,173,470 LV,24,Klobuchar,4
Economist/YouGov,173,470 LV,24,Yang,3
Economist/YouGov,173,470 LV,24,Steyer,2
Economist/YouGov,173,470 LV,24,Gabbard,3
Economist/YouGov,173,470 LV,24,Bennet,0
Economist/YouGov,173,470 LV,24,Patrick,0
The Hill/HarrisX,174,878 RV,24,Biden,29
The Hill/HarrisX,174,878 RV,24,Sanders,17
The Hill/HarrisX,174,878 RV,24,Warren,9
The Hill/HarrisX,174,878 RV,24,Bloomberg,11
The Hill/HarrisX,174,878 RV,24,Buttigieg,5
The Hill/HarrisX,174,878 RV,24,Klobuchar,2
The Hill/HarrisX,174,878 RV,24,Yang,4
The Hill/HarrisX,174,878 RV,24,Steyer,4
The Hill/HarrisX,174,878 RV,24,Gabbard,2
The Hill/HarrisX,174,878 RV,24,Bennet,NA
The Hill/HarrisX,174,878 RV,24,Patrick,1
FOX News,174,495 LV,24,Biden,26
FOX News,174,495 LV,24,Sanders,23
FOX News,174,495 LV,24,Warren,14
FOX News,174,495 LV,24,Bloomberg,10
FOX News,174,495 LV,24,Buttigieg,7
FOX News,174,495 LV,24,Klobuchar,3
FOX News,174,495 LV,24,Yang,5
FOX News,174,495 LV,24,Steyer,3
FOX News,174,495 LV,24,Gabbard,0
FOX News,174,495 LV,24,Bennet,0
FOX News,174,495 LV,24,Patrick,1
Emerson,175,497 LV,25,Biden,30
Emerson,175,497 LV,25,Sanders,27
Emerson,175,497 LV,25,Warren,13
Emerson,175,497 LV,25,Bloomberg,7
Emerson,175,497 LV,25,Buttigieg,6
Emerson,175,497 LV,25,Klobuchar,4
Emerson,175,497 LV,25,Yang,8
Emerson,175,497 LV,25,Steyer,1
Emerson,175,497 LV,25,Gabbard,1
Emerson,175,497 LV,25,Bennet,1
Emerson,175,497 LV,25,Patrick,0
ABC News/Wash Post,175,LV,25,Biden,34
ABC News/Wash Post,175,LV,25,Sanders,22
ABC News/Wash Post,175,LV,25,Warren,14
ABC News/Wash Post,175,LV,25,Bloomberg,7
ABC News/Wash Post,175,LV,25,Buttigieg,4
ABC News/Wash Post,175,LV,25,Klobuchar,4
ABC News/Wash Post,175,LV,25,Yang,6
ABC News/Wash Post,175,LV,25,Steyer,1
ABC News/Wash Post,175,LV,25,Gabbard,0
ABC News/Wash Post,175,LV,25,Bennet,2
ABC News/Wash Post,175,LV,25,Patrick,1
Morning Consult,178,17836 RV,25,Biden,29
Morning Consult,178,17836 RV,25,Sanders,23
Morning Consult,178,17836 RV,25,Warren,14
Morning Consult,178,17836 RV,25,Bloomberg,12
Morning Consult,178,17836 RV,25,Buttigieg,7
Morning Consult,178,17836 RV,25,Klobuchar,3
Morning Consult,178,17836 RV,25,Yang,5
Morning Consult,178,17836 RV,25,Steyer,3
Morning Consult,178,17836 RV,25,Gabbard,1
Morning Consult,178,17836 RV,25,Bennet,1
Morning Consult,178,17836 RV,25,Patrick,0
Quinnipiac,179,827 RV,25,Biden,26
Quinnipiac,179,827 RV,25,Sanders,21
Quinnipiac,179,827 RV,25,Warren,15
Quinnipiac,179,827 RV,25,Bloomberg,8
Quinnipiac,179,827 RV,25,Buttigieg,6
Quinnipiac,179,827 RV,25,Klobuchar,7
Quinnipiac,179,827 RV,25,Yang,3
Quinnipiac,179,827 RV,25,Steyer,2
Quinnipiac,179,827 RV,25,Gabbard,1
Quinnipiac,179,827 RV,25,Bennet,0
Quinnipiac,179,827 RV,25,Patrick,0
Economist/YouGov,180,591 RV,25,Biden,26
Economist/YouGov,180,591 RV,25,Sanders,24
Economist/YouGov,180,591 RV,25,Warren,20
Economist/YouGov,180,591 RV,25,Bloomberg,4
Economist/YouGov,180,591 RV,25,Buttigieg,7
Economist/YouGov,180,591 RV,25,Klobuchar,4
Economist/YouGov,180,591 RV,25,Yang,4
Economist/YouGov,180,591 RV,25,Steyer,1
Economist/YouGov,180,591 RV,25,Gabbard,3
Economist/YouGov,180,591 RV,25,Bennet,0
Economist/YouGov,180,591 RV,25,Patrick,1
LA Times/USC,180,2227 LV,25,Biden,34
LA Times/USC,180,2227 LV,25,Sanders,18
LA Times/USC,180,2227 LV,25,Warren,16
LA Times/USC,180,2227 LV,25,Bloomberg,9
LA Times/USC,180,2227 LV,25,Buttigieg,9
LA Times/USC,180,2227 LV,25,Klobuchar,3
LA Times/USC,180,2227 LV,25,Yang,2
LA Times/USC,180,2227 LV,25,Steyer,2
LA Times/USC,180,2227 LV,25,Gabbard,1
LA Times/USC,180,2227 LV,25,Bennet,NA
LA Times/USC,180,2227 LV,25,Patrick,NA
Harvard-Harris,181,980 RV,25,Biden,31
Harvard-Harris,181,980 RV,25,Sanders,20
Harvard-Harris,181,980 RV,25,Warren,12
Harvard-Harris,181,980 RV,25,Bloomberg,13
Harvard-Harris,181,980 RV,25,Buttigieg,6
Harvard-Harris,181,980 RV,25,Klobuchar,3
Harvard-Harris,181,980 RV,25,Yang,3
Harvard-Harris,181,980 RV,25,Steyer,2
Harvard-Harris,181,980 RV,25,Gabbard,1
Harvard-Harris,181,980 RV,25,Bennet,NA
Harvard-Harris,181,980 RV,25,Patrick,NA
NBC News/Wall St. Jrnl,181,428 LV,25,Biden,26
NBC News/Wall St. Jrnl,181,428 LV,25,Sanders,27
NBC News/Wall St. Jrnl,181,428 LV,25,Warren,15
NBC News/Wall St. Jrnl,181,428 LV,25,Bloomberg,9
NBC News/Wall St. Jrnl,181,428 LV,25,Buttigieg,7
NBC News/Wall St. Jrnl,181,428 LV,25,Klobuchar,5
NBC News/Wall St. Jrnl,181,428 LV,25,Yang,4
NBC News/Wall St. Jrnl,181,428 LV,25,Steyer,2
NBC News/Wall St. Jrnl,181,428 LV,25,Gabbard,2
NBC News/Wall St. Jrnl,181,428 LV,25,Bennet,0
NBC News/Wall St. Jrnl,181,428 LV,25,Patrick,1
IBD/TIPP,182,336 RV,26,Biden,26
IBD/TIPP,182,336 RV,26,Sanders,19
IBD/TIPP,182,336 RV,26,Warren,13
IBD/TIPP,182,336 RV,26,Bloomberg,8
IBD/TIPP,182,336 RV,26,Buttigieg,7
IBD/TIPP,182,336 RV,26,Klobuchar,3
IBD/TIPP,182,336 RV,26,Yang,4
IBD/TIPP,182,336 RV,26,Steyer,2
IBD/TIPP,182,336 RV,26,Gabbard,1
IBD/TIPP,182,336 RV,26,Bennet,1
IBD/TIPP,182,336 RV,26,Patrick,0
Morning Consult,185,15259 RV,26,Biden,28
Morning Consult,185,15259 RV,26,Sanders,24
Morning Consult,185,15259 RV,26,Warren,14
Morning Consult,185,15259 RV,26,Bloomberg,14
Morning Consult,185,15259 RV,26,Buttigieg,6
Morning Consult,185,15259 RV,26,Klobuchar,3
Morning Consult,185,15259 RV,26,Yang,4
Morning Consult,185,15259 RV,26,Steyer,3
Morning Consult,185,15259 RV,26,Gabbard,2
Morning Consult,185,15259 RV,26,Bennet,1
Morning Consult,185,15259 RV,26,Patrick,1
Economist/YouGov,187,616 RV,26,Biden,24
Economist/YouGov,187,616 RV,26,Sanders,19
Economist/YouGov,187,616 RV,26,Warren,18
Economist/YouGov,187,616 RV,26,Bloomberg,9
Economist/YouGov,187,616 RV,26,Buttigieg,9
Economist/YouGov,187,616 RV,26,Klobuchar,6
Economist/YouGov,187,616 RV,26,Yang,3
Economist/YouGov,187,616 RV,26,Steyer,2
Economist/YouGov,187,616 RV,26,Gabbard,3
Economist/YouGov,187,616 RV,26,Bennet,1
Economist/YouGov,187,616 RV,26,Patrick,0